{"nodes": [[482, 192], [408.153589666674, 277.83643347366876], [885.6496157943913, 199.7032556044425], [408.2618967020731, 305.79021601467355], [410.20097101668745, 345.7932157872207], [410.749036392226, 386.51028530103326], [410.674713747103, 416.3818560384401]], "sticks": [[1, 2], [2, 0], [0, 1], [1, 3], [3, 4], [4, 5], [5, 6]], "locked": [true, false, false, false, false, false, false]}