{"nodes": [[336.5907741448091, 547.7762058231754], [467.9962907634292, 460.5604377408294], [506.83634512809317, 614.8879773854927], [506.6603527572382, 210.26287969347783], [519, 100]], "sticks": [[1, 2], [2, 0], [0, 1], [1, 3], [3, 4]], "locked": [false, false, false, false, true]}